{
  "facebook/opt-125m": {
    "uniform_4bit_rtn": 40.78293228149414,
    "fp16": 27.6558837890625,
    "cdf_4bit_rtn": 297.98834228515625,
    "hybrid_gamma0.15_4bit_rtn": 46.99523162841797,
    "cdf_4bit_rtn_op1.0": 32.202796936035156,
    "cdf_4bit_rtn_op0.5": 37.138370513916016,
    "hybrid_gamma0.15_4bit_rtn_op1.0": 30.67182159423828,
    "hybrid_gamma0.05_4bit_rtn": 90.24469757080078,
    "hybrid_gamma0.1_4bit_rtn": 51.451175689697266,
    "hybrid_gamma0.2_4bit_rtn": 37.8322639465332,
    "hybrid_gamma0.3_4bit_rtn": 34.13325881958008,
    "hybrid_gamma0.4_4bit_rtn": 35.105613708496094,
    "hybrid_gamma0.5_4bit_rtn": 36.86763000488281,
    "uniform_3bit_rtn": 2366.743896484375,
    "cdf_3bit_rtn": 3677.17431640625,
    "hybrid_gamma0.05_3bit_rtn": 2453.74169921875,
    "hybrid_gamma0.1_3bit_rtn": 1494.9547119140625,
    "hybrid_gamma0.15_3bit_rtn": 996.5095825195312,
    "hybrid_gamma0.2_3bit_rtn": 816.2490844726562,
    "hybrid_gamma0.3_3bit_rtn": 821.02783203125,
    "hybrid_gamma0.4_3bit_rtn": 1465.1759033203125,
    "hybrid_gamma0.5_3bit_rtn": 2539.826171875
  },
  "facebook/opt-350m": {
    "fp16": 22.001731872558594,
    "uniform_4bit_rtn": 30.10112190246582,
    "cdf_4bit_rtn": 67.12760925292969,
    "hybrid_gamma0.15_4bit_rtn": 38.30595397949219,
    "cdf_4bit_rtn_op1.0": 30.641584396362305,
    "hybrid_gamma0.15_4bit_rtn_op1.0": 28.100812911987305,
    "hybrid_gamma0.05_4bit_rtn": 52.208858489990234,
    "hybrid_gamma0.1_4bit_rtn": 43.18009567260742,
    "hybrid_gamma0.2_4bit_rtn": 34.67165756225586,
    "hybrid_gamma0.3_4bit_rtn": 30.924619674682617,
    "hybrid_gamma0.4_4bit_rtn": 29.118255615234375,
    "hybrid_gamma0.5_4bit_rtn": 28.47466468811035,
    "uniform_3bit_rtn": 164.02252197265625,
    "cdf_3bit_rtn": 2423.423095703125,
    "hybrid_gamma0.05_3bit_rtn": 1818.0146484375,
    "hybrid_gamma0.1_3bit_rtn": 988.0985717773438,
    "hybrid_gamma0.15_3bit_rtn": 534.8336181640625,
    "hybrid_gamma0.2_3bit_rtn": 359.2425842285156,
    "hybrid_gamma0.3_3bit_rtn": 243.5905303955078
  },
  "facebook/opt-1.3b": {
    "fp16": 14.623866081237793,
    "uniform_4bit_rtn": 50.04008483886719,
    "cdf_4bit_rtn": 879.5440673828125,
    "hybrid_gamma0.15_4bit_rtn": 20.637298583984375,
    "cdf_4bit_rtn_op1.0": 16.052194595336914,
    "hybrid_gamma0.15_4bit_rtn_op1.0": 15.761248588562012
  }
}